id_img,label
18341,sadness
13176,happy
23945,happy
15968,sadness
18382,happy
8256,happy
21635,happy
2418,happy
4515,sadness
27618,sadness
9674,sadness
11539,happy
25664,happy
14930,happy
15667,sadness
7682,sadness
16581,sadness
23973,happy
180,sadness
13253,happy
25382,sadness
16148,sadness
21656,happy
11803,happy
15072,happy
11961,happy
17382,happy
14261,happy
3539,sadness
2827,sadness
14139,happy
12059,happy
18734,sadness
25703,happy
27738,happy
24609,happy
20560,happy
6807,sadness
7115,sadness
12786,happy
15312,happy
24494,happy
17673,happy
15066,sadness
12951,happy
27063,happy
26677,sadness
26443,happy
16724,happy
24828,sadness
24755,happy
27128,sadness
18767,sadness
18427,happy
11553,happy
26993,sadness
17077,happy
26994,sadness
11041,happy
6750,happy
9714,sadness
11152,happy
8892,sadness
20342,sadness
16712,sadness
11227,happy
9192,sadness
12772,happy
9746,happy
23201,sadness
26142,sadness
12920,happy
25843,happy
5128,happy
22484,sadness
27076,happy
527,happy
27717,happy
15468,sadness
22466,sadness
2514,sadness
24743,sadness
1834,sadness
14106,sadness
20243,sadness
25317,happy
17595,sadness
11332,sadness
13715,sadness
8714,happy
5936,sadness
23154,sadness
2449,happy
22071,sadness
9984,happy
11833,happy
13819,happy
27484,sadness
24355,sadness
16835,sadness
12591,happy
10120,happy
27956,happy
8251,sadness
13368,sadness
27140,sadness
20937,sadness
23489,sadness
22002,sadness
11681,sadness
11516,happy
14133,sadness
15868,sadness
10547,sadness
23409,happy
6529,sadness
7808,sadness
26600,sadness
25096,happy
11230,happy
28140,sadness
13985,sadness
25282,sadness
27324,happy
16192,sadness
7000,sadness
20232,happy
26290,sadness
3951,sadness
21486,sadness
7573,sadness
19620,sadness
9318,sadness
8641,happy
8544,sadness
20576,happy
12426,sadness
10157,sadness
21375,sadness
5070,sadness
15274,sadness
6696,happy
9932,sadness
15183,happy
8028,sadness
456,sadness
20964,sadness
17905,sadness
12653,sadness
14332,sadness
8923,sadness
15288,sadness
5004,sadness
25,sadness
18231,sadness
12773,sadness
13968,sadness
12739,sadness
3752,sadness
14102,sadness
17747,sadness
20425,sadness
25240,sadness
17488,sadness
17499,sadness
14658,sadness
7870,sadness
16327,sadness
139,sadness
18186,happy
22604,happy
10469,sadness
24198,happy
20175,sadness
25275,sadness
18805,sadness
20054,happy
5183,sadness
8911,happy
9180,sadness
11049,happy
28574,happy
580,sadness
8886,happy
19168,sadness
3649,sadness
19851,sadness
25004,sadness
13261,happy
22828,sadness
25935,happy
27613,happy
10176,sadness
24867,sadness
18165,happy
14280,sadness
15508,sadness
24019,sadness
25364,sadness
9740,sadness
12239,sadness
2342,sadness
21795,happy
4940,sadness
11122,sadness
9517,happy
14074,happy
14800,sadness
22335,sadness
23214,sadness
2576,happy
20321,sadness
2197,sadness
11989,sadness
10425,sadness
28465,sadness
14472,sadness
19367,sadness
23220,happy
7430,sadness
14070,sadness
14245,sadness
9744,happy
25407,happy
19241,sadness
19892,sadness
14655,sadness
21406,sadness
15479,sadness
7579,sadness
13026,sadness
26903,sadness
3922,sadness
11819,happy
23923,sadness
21691,happy
10140,sadness
20784,sadness
9576,sadness
15589,sadness
27283,happy
12725,sadness
17977,sadness
23383,sadness
24498,sadness
21344,sadness
16699,sadness
127,sadness
5744,sadness
21527,happy
17079,sadness
11795,happy
10283,sadness
15067,sadness
27143,sadness
28337,sadness
23088,sadness
23279,sadness
20909,happy
17494,sadness
23779,sadness
5336,sadness
16174,sadness
17300,sadness
4949,happy
19493,sadness
24773,sadness
27102,happy
9067,sadness
2048,happy
9197,sadness
3385,sadness
12246,sadness
14233,sadness
8372,sadness
24425,sadness
23712,sadness
21006,happy
9332,sadness
16820,happy
14032,happy
26797,sadness
12686,sadness
26445,sadness
8418,happy
24222,sadness
623,happy
23374,happy
15053,sadness
24545,sadness
18782,sadness
15877,sadness
3271,happy
23573,sadness
14275,sadness
25951,sadness
13365,happy
21710,sadness
26406,sadness
6330,happy
18320,happy
20830,sadness
17202,sadness
19946,sadness
16088,sadness
19459,sadness
22051,sadness
16443,happy
19285,sadness
6866,sadness
20165,happy
19530,sadness
25205,sadness
26837,happy
24465,happy
9534,sadness
23024,sadness
12804,sadness
14328,sadness
28309,sadness
19385,happy
10829,sadness
20138,sadness
22262,sadness
27185,sadness
3118,happy
19616,sadness
2658,sadness
14588,sadness
6824,happy
22639,sadness
14442,sadness
26270,sadness
5892,happy
27213,happy
26249,sadness
21426,sadness
21529,happy
19409,sadness
21678,happy
17518,sadness
10640,happy
16715,sadness
25832,sadness
15171,happy
23380,sadness
26558,sadness
3846,sadness
27513,happy
8217,happy
21324,sadness
26011,happy
24319,sadness
8851,happy
12438,sadness
27417,sadness
20323,sadness
20733,happy
24112,sadness
11351,sadness
26761,sadness
12130,sadness
19827,sadness
9917,sadness
18308,happy
26870,sadness
21469,sadness
15939,sadness
9042,happy
24524,sadness
12103,happy
26383,sadness
17326,sadness
6640,happy
27097,sadness
19449,sadness
21177,sadness
5581,happy
27695,sadness
17498,happy
2618,sadness
25351,sadness
1943,happy
12174,sadness
11701,sadness
21162,sadness
8012,sadness
21760,sadness
23359,happy
20727,sadness
25438,sadness
10400,happy
12387,sadness
6646,sadness
8039,happy
18316,sadness
14109,sadness
19646,sadness
12057,sadness
11477,sadness
22117,happy
453,sadness
24099,sadness
13846,sadness
752,sadness
21884,sadness
13222,sadness
25777,sadness
12590,happy
23897,happy
19568,sadness
14038,happy
635,happy
26781,sadness
23853,sadness
23339,sadness
10187,sadness
18383,sadness
16040,sadness
11880,happy
16004,sadness
2775,sadness
7317,happy
13760,sadness
13011,sadness
6706,sadness
10713,sadness
22878,sadness
6354,sadness
14250,sadness
28118,happy
17011,sadness
13127,sadness
10422,sadness
18144,sadness
7122,happy
23864,sadness
10341,sadness
24352,happy
18843,sadness
26888,sadness
475,sadness
23776,sadness
28291,happy
12220,happy
14809,sadness
27014,sadness
7714,sadness
14119,sadness
19965,sadness
21019,sadness
3469,sadness
20626,sadness
9708,sadness
20125,happy
25259,sadness
145,sadness
24459,happy
25675,sadness
27663,sadness
28420,sadness
25961,happy
28350,sadness
2187,sadness
26801,sadness
3492,happy
15228,happy
21303,sadness
27402,sadness
7564,sadness
22728,happy
20850,sadness
22120,sadness
27121,sadness
25744,sadness
13051,sadness
23580,sadness
2679,happy
18127,sadness
11142,sadness
20679,sadness
13473,sadness
14345,happy
17426,happy
19858,sadness
6539,sadness
9057,sadness
13366,sadness
2698,sadness
366,happy
7763,happy
25839,sadness
23073,sadness
27265,sadness
26983,sadness
11384,sadness
22778,sadness
24499,happy
16407,sadness
26007,sadness
16393,sadness
9063,sadness
11207,sadness
22343,happy
10089,sadness
13575,sadness
16710,sadness
9492,happy
21546,sadness
21713,sadness
26769,happy
24386,sadness
234,happy
18959,sadness
22495,sadness
1896,sadness
13294,happy
4860,sadness
9929,sadness
17972,sadness
1706,sadness
21966,sadness
28272,sadness
3360,sadness
21058,happy
2008,sadness
19952,sadness
19578,sadness
10383,sadness
20218,happy
14334,sadness
26709,sadness
25395,sadness
15685,sadness
8484,sadness
6376,happy
23013,sadness
20749,happy
26869,happy
18454,sadness
8479,sadness
318,sadness
12757,sadness
13000,sadness
8753,sadness
348,sadness
24656,sadness
24823,sadness
14533,sadness
16151,sadness
20735,sadness
14618,sadness
24786,sadness
408,sadness
20260,sadness
13878,sadness
24633,sadness
16579,happy
15365,sadness
16908,happy
24488,sadness
22401,happy
7018,sadness
1751,sadness
17306,happy
19865,sadness
22622,sadness
13693,happy
24776,sadness
6868,sadness
20829,sadness
26950,sadness
18392,happy
11799,happy
25257,happy
18711,happy
20176,sadness
18255,sadness
7563,happy
21583,happy
22011,happy
18820,sadness
23288,happy
26543,sadness
9904,sadness
4603,happy
162,happy
22364,sadness
12260,sadness
20558,sadness
23685,happy
20202,happy
15697,happy
24173,happy
16782,sadness
9028,sadness
14833,sadness
16849,happy
8226,happy
12868,happy
22371,happy
8960,happy
13332,sadness
20322,happy
10632,happy
6047,sadness
24534,sadness
23710,happy
24153,sadness
7287,happy
11662,sadness
24796,happy
22032,happy
2714,sadness
23740,happy
19002,sadness
18126,happy
12415,sadness
18867,sadness
27436,happy
19817,sadness
26230,happy
23979,happy
4192,happy
23612,happy
15077,happy
23354,sadness
7685,happy
14048,sadness
23499,happy
19206,happy
17539,sadness
26593,sadness
21513,sadness
11254,sadness
16799,sadness
24055,sadness
9447,happy
26830,happy
1724,happy
13977,happy
8686,happy
20210,happy
21306,happy
8294,happy
9841,sadness
11063,happy
19489,happy
21294,happy
1598,happy
23089,happy
5882,sadness
16541,happy
12861,sadness
11091,sadness
10871,sadness
25658,happy
20780,happy
15619,happy
17406,sadness
22566,happy
23432,sadness
15397,sadness
13454,happy
11726,happy
27135,happy
25676,happy
2249,sadness
15846,sadness
21378,happy
8026,happy
17726,sadness
8480,happy
32,happy
6978,happy
23807,happy
24219,happy
17286,happy
20685,happy
3149,sadness
21238,sadness
20502,happy
18406,happy
18076,happy
21931,happy
26501,sadness
28290,sadness
19096,happy
14625,happy
13412,happy
23829,sadness
1314,happy
14343,sadness
1931,happy
20151,happy
26867,happy
22768,happy
27220,sadness
339,happy
13945,happy
19625,happy
22448,sadness
24382,happy
11046,happy
10670,sadness
12318,sadness
11520,happy
17950,sadness
23925,happy
26819,happy
5409,happy
18666,happy
8572,sadness
2815,sadness
19699,happy
19279,happy
6039,happy
25159,sadness
10561,sadness
25986,happy
927,sadness
13907,sadness
8093,sadness
15319,happy
20906,sadness
24381,happy
25170,happy
9625,sadness
9910,happy
9003,happy
20722,happy
22569,happy
24891,happy
8395,sadness
17068,happy
16749,happy
23417,happy
28536,happy
22966,sadness
19371,happy
19336,happy
16314,happy
24274,sadness
22493,happy
28242,happy
10083,happy
28090,happy
16532,sadness
21291,sadness
13766,sadness
1481,happy
21481,sadness
24986,sadness
14516,sadness
27354,happy
22057,sadness
14320,sadness
23711,sadness
15203,happy
18722,sadness
22950,sadness
16791,sadness
24766,happy
16203,sadness
12379,sadness
17556,happy
10880,sadness
18675,sadness
12705,happy
4177,happy
19930,happy
18726,happy
14122,sadness
19514,happy
8467,happy
26791,sadness
21266,happy
26201,happy
28171,happy
24521,sadness
10218,sadness
25500,sadness
11752,happy
25430,sadness
10514,happy
23789,happy
3477,happy
15640,sadness
26222,happy
27320,happy
4153,sadness
20488,sadness
25463,happy
5862,sadness
16258,happy
11897,happy
10502,sadness
20040,sadness
11260,happy
21519,sadness
22631,sadness
17740,sadness
8773,happy
7741,happy
424,sadness
1030,happy
15024,happy
19487,sadness
10078,sadness
2530,happy
25947,sadness
25602,sadness
24561,sadness
21040,happy
4400,happy
458,sadness
2671,sadness
23832,happy
12190,sadness
15507,sadness
8584,sadness
24115,sadness
20181,happy
22865,happy
17545,sadness
13361,sadness
14491,sadness
18196,happy
12878,happy
27848,sadness
20401,happy
8106,happy
16511,happy
10665,sadness
21389,happy
7702,happy
15980,sadness
14684,happy
17086,sadness
3762,sadness
11035,happy
10231,happy
18421,sadness
13832,sadness
21942,happy
22543,sadness
12345,sadness
11838,sadness
21194,sadness
17872,happy
27708,happy
20658,happy
2966,happy
8876,sadness
10153,sadness
18549,sadness
8861,happy
21582,happy
13546,happy
22470,sadness
8507,happy
20566,happy
2467,happy
16622,happy
8821,happy
5689,sadness
26459,sadness
16991,happy
24997,sadness
21518,sadness
23016,happy
19001,happy
27887,sadness
13818,happy
7724,sadness
23875,happy
14059,happy
6541,happy
7569,happy
19366,happy
23472,sadness
11800,happy
18520,sadness
7642,sadness
10537,happy
10546,happy
10806,happy
3033,happy
10432,happy
19592,happy
21428,happy
10860,happy
3062,happy
8981,happy
14285,happy
13346,happy
8908,sadness
13093,sadness
7467,happy
14729,happy
5798,happy
24234,happy
16957,sadness
22829,happy
7940,sadness
26205,sadness
172,happy
16368,sadness
20975,sadness
17203,happy
14301,sadness
23518,happy
20362,happy
16837,happy
25475,sadness
19862,sadness
5348,sadness
17080,happy
28132,happy
26430,happy
12818,sadness
26510,sadness
16227,happy
24833,sadness
20005,happy
2087,sadness
19148,sadness
9086,happy
28409,happy
22870,happy
24367,sadness
18847,happy
16595,happy
24860,happy
26752,happy
6210,happy
8561,happy
15875,sadness
15243,sadness
18537,sadness
24385,sadness
12346,sadness
15006,happy
15269,happy
19062,happy
18349,sadness
24410,happy
14714,sadness
13105,happy
20170,sadness
22618,sadness
26591,sadness
7532,happy
25204,happy
5970,happy
26071,happy
21036,happy
27005,sadness
28688,sadness
10332,sadness
12197,happy
19074,happy
9914,happy
18151,sadness
18153,happy
9825,happy
3769,happy
21425,happy
10735,happy
7501,sadness
20155,happy
20966,happy
14700,happy
24144,happy
17136,happy
3463,happy
8918,happy
21632,happy
12065,happy
8651,sadness
26855,happy
10428,sadness
17686,sadness
3317,sadness
8449,happy
1364,happy
8242,sadness
10844,happy
24645,sadness
7743,sadness
17003,sadness
8157,happy
12956,sadness
8756,sadness
11073,happy
13180,happy
22866,happy
11621,happy
18578,happy
10114,sadness
24436,happy
10864,happy
25105,happy
11808,sadness
25850,happy
27162,sadness
6897,sadness
21115,sadness
18872,happy
12558,sadness
631,sadness
25231,happy
18244,sadness
27038,sadness
4505,sadness
10856,happy
17220,happy
23697,sadness
6964,happy
14725,sadness
20315,happy
12916,sadness
26371,sadness
380,happy
22724,sadness
5903,sadness
28523,happy
9794,sadness
13073,sadness
26128,happy
13156,sadness
18925,happy
21185,sadness
23575,happy
18424,happy
8562,sadness
21738,sadness
20219,happy
990,sadness
26995,sadness
11835,happy
11957,happy
3125,sadness
12164,sadness
9469,sadness
12550,sadness
14254,sadness
839,happy
21005,happy
10074,sadness
24614,happy
19261,happy
12158,sadness
7269,sadness
20341,sadness
11806,sadness
20072,sadness
10637,happy
6128,happy
13873,sadness
15460,happy
1348,happy
15516,sadness
27504,happy
9294,happy
18246,sadness
14746,happy
20656,happy
25368,happy
7212,happy
9542,happy
28396,happy
15477,sadness
11909,happy
25757,happy
24610,happy
20324,happy
7662,happy
18789,happy
2950,happy
10794,sadness
23865,happy
27596,sadness
5847,happy
13373,happy
5123,happy
18090,sadness
8551,happy
11116,sadness
13060,happy
11998,happy
12372,sadness
22149,happy
18503,happy
2609,happy
6142,sadness
63,happy
8087,happy
18297,sadness
11380,sadness
12301,sadness
25068,happy
23567,happy
22539,happy
22323,happy
7619,sadness
426,happy
7151,sadness
7782,sadness
13583,sadness
17175,happy
24,happy
10313,sadness
23572,sadness
18414,sadness
23001,happy
8495,sadness
3403,sadness
2802,sadness
13570,happy
14749,sadness
26339,happy
10039,sadness
14922,happy
10128,happy
7731,happy
21897,sadness
10870,happy
25644,sadness
11192,sadness
8879,sadness
4395,happy
19282,sadness
10996,sadness
24648,happy
14136,happy
17356,sadness
15423,happy
7623,sadness
10648,sadness
10416,sadness
17257,happy
23451,sadness
4281,sadness
15606,happy
1937,happy
13091,sadness
12306,sadness
25184,sadness
12191,sadness
16170,sadness
17542,sadness
6324,happy
17097,happy
21198,sadness
6264,happy
11330,happy
24866,sadness
4736,happy
22141,sadness
6022,happy
17098,sadness
17953,happy
25666,happy
8391,sadness
21096,sadness
16129,sadness
27719,happy
9013,happy
730,happy
7540,happy
7848,happy
17748,happy
25186,happy
12526,sadness
14238,happy
21842,sadness
12157,happy
9322,happy
5261,sadness
19026,happy
13598,happy
13444,happy
21892,sadness
14823,sadness
14236,sadness
14673,sadness
910,sadness
12658,sadness
9269,sadness
15964,sadness
3339,happy
4697,happy
8322,sadness
28033,sadness
14766,sadness
23675,sadness
16426,sadness
13641,sadness
27940,sadness
9382,sadness
27517,sadness
25734,sadness
26641,sadness
284,sadness
20445,sadness
2964,sadness
21450,sadness
3618,happy
27182,sadness
688,happy
13015,happy
2451,sadness
3495,happy
7044,happy
19772,happy
2690,sadness
13385,happy
1329,happy
18955,sadness
9280,happy
9476,sadness
12066,happy
18673,happy
18340,sadness
10366,happy
3885,sadness
15517,happy
28034,happy
4874,happy
10919,happy
18906,sadness
14649,happy
21414,sadness
19460,happy
22831,happy
20469,happy
25357,happy
17661,sadness
14683,happy
19428,happy
18746,happy
14078,happy
24577,sadness
22736,happy
9875,happy
25232,happy
16347,happy
22803,happy
17014,sadness
21488,sadness
9158,happy
24596,sadness
3316,happy
23092,sadness
27305,sadness
27953,happy
13637,sadness
2459,happy
15690,happy
16274,happy
13406,sadness
23430,happy
13027,happy
9845,sadness
17684,happy
20440,happy
11853,happy
15528,sadness
6671,happy
23723,sadness
22546,sadness
3019,happy
24026,happy
20869,happy
26410,sadness
13812,happy
9974,sadness
7339,sadness
6312,sadness
26257,sadness
22405,sadness
14988,sadness
27629,happy
8958,happy
11478,sadness
22780,happy
14470,happy
539,happy
13276,sadness
11939,sadness
14374,sadness
9895,sadness
1031,happy
15420,happy
15948,sadness
7895,sadness
21534,happy
18011,sadness
13249,sadness
18600,sadness
9328,happy
17743,happy
19006,sadness
27228,happy
5177,sadness
9426,sadness
15710,happy
14795,sadness
19821,sadness
14975,happy
24126,sadness
3947,happy
10865,sadness
2546,happy
22984,happy
28516,sadness
10248,happy
7556,sadness
800,happy
18213,happy
14384,sadness
607,happy
27739,sadness
20122,happy
27401,happy
6832,happy
17579,sadness
12051,sadness
27643,happy
12297,sadness
9172,happy
1408,happy
16025,happy
10753,sadness
7989,sadness
21927,happy
14355,happy
19274,sadness
17470,happy
27449,sadness
19117,happy
22225,happy
10225,happy
5841,happy
18264,sadness
14474,sadness
124,happy
626,happy
2339,sadness
21473,sadness
9538,happy
17037,happy
12995,sadness
2138,happy
6720,happy
11172,sadness
8607,sadness
204,sadness
11720,sadness
5975,happy
10671,sadness
12822,happy
15884,happy
11640,happy
11703,happy
22365,sadness
20352,happy
12166,happy
511,sadness
14134,happy
24949,happy
11501,happy
7806,sadness
12185,happy
27460,sadness
9652,happy
24442,happy
26415,sadness
13630,happy
24732,happy
17680,sadness
11326,happy
28138,happy
19695,happy
27227,sadness
19015,sadness
19621,happy
14090,sadness
21829,happy
26716,happy
8696,sadness
20279,sadness
15682,happy
28212,happy
11012,happy
142,happy
6786,happy
5569,happy
13859,happy
20716,happy
25578,sadness
1921,happy
21087,sadness
15163,sadness
5435,happy
16876,happy
12614,happy
7705,sadness
7730,sadness
232,happy
27179,happy
14836,happy
8913,sadness
15992,happy
20240,happy
3263,happy
6434,happy
18045,sadness
12428,happy
22271,happy
27495,sadness
27357,sadness
17675,sadness
17219,sadness
15326,happy
1405,happy
22594,sadness
7850,sadness
10983,happy
22256,sadness
12324,sadness
67,sadness
14785,happy
20638,happy
23029,happy
27810,sadness
3881,sadness
24879,happy
26242,happy
18442,sadness
27175,sadness
8304,happy
12078,happy
13628,happy
11489,happy
3910,happy
2365,sadness
9114,sadness
25568,happy
16679,happy
27204,happy
25087,happy
26502,happy
9009,sadness
18714,sadness
3381,happy
3508,happy
12349,sadness
11234,sadness
17621,sadness
22449,happy
9545,sadness
13674,happy
7179,sadness
27952,happy
27621,sadness
11923,happy
21947,sadness
4298,happy
8307,sadness
13181,happy
14014,happy
19035,sadness
25251,sadness
8129,happy
1139,sadness
3205,sadness
15389,happy
437,happy
26423,happy
9588,sadness
6188,happy
15453,happy
20994,sadness
12790,happy
13755,sadness
11826,sadness
22712,sadness
23165,sadness
23933,sadness
24416,sadness
10447,sadness
8552,sadness
5308,happy
19861,happy
3154,happy
13906,sadness
20522,sadness
2573,happy
21127,happy
11088,happy
18944,sadness
25470,happy
9255,happy
15792,happy
12659,happy
16827,sadness
23322,sadness
14757,happy
19775,happy
20347,happy
9246,happy
19339,sadness
11792,sadness
7375,sadness
27197,sadness
10347,sadness
22910,happy
15118,happy
21474,happy
11419,happy
26748,happy
17664,sadness
24079,happy
17784,happy
19826,sadness
6719,happy
24618,sadness
23721,sadness
19426,happy
20032,sadness
10229,sadness
15891,happy
9819,happy
641,sadness
15867,sadness
23115,sadness
26511,sadness
11620,happy
24150,sadness
24183,happy
10454,happy
23407,happy
20667,sadness
27078,happy
16818,happy
20781,happy
6544,sadness
4273,happy
22413,happy
18939,happy
26959,sadness
12296,sadness
18755,sadness
549,sadness
16171,sadness
13643,happy
15561,sadness
20809,sadness
8041,happy
25738,sadness
11333,sadness
20787,happy
24363,sadness
5431,happy
18576,sadness
21827,sadness
4005,happy
25747,sadness
21769,happy
17022,happy
3767,happy
21837,sadness
19791,sadness
25617,sadness
23508,sadness
11221,happy
27384,sadness
14228,happy
98,happy
13854,sadness
9928,sadness
11080,happy
21172,happy
9944,sadness
7603,happy
8903,sadness
24976,happy
5137,happy
8490,happy
12944,happy
9341,happy
12902,sadness
13435,happy
5588,sadness
28307,sadness
2035,happy
25080,happy
3328,happy
21914,sadness
20930,happy
8188,sadness
1926,happy
20772,happy
17576,sadness
11508,happy
28344,sadness
25067,sadness
17588,sadness
23210,sadness
10610,happy
13762,sadness
8988,sadness
7208,happy
24864,happy
12734,happy
10485,happy
8657,happy
15371,happy
12721,sadness
153,sadness
4773,sadness
23110,sadness
13120,sadness
21592,happy
4315,sadness
23648,happy
10876,happy
9338,happy
7817,happy
14322,sadness
14145,sadness
9139,happy
12092,sadness
17682,sadness
18886,happy
7566,happy
8117,happy
14458,sadness
14273,happy
28249,happy
9448,sadness
15349,sadness
25873,happy
25972,happy
16688,sadness
18689,sadness
19679,sadness
19555,happy
21524,happy
11851,sadness
16683,sadness
7436,happy
18572,sadness
23316,sadness
27671,happy
125,happy
14475,sadness
21996,sadness
7815,happy
14459,happy
3418,happy
4594,happy
9900,sadness
26470,sadness
28,happy
6173,happy
9946,happy
22208,sadness
7747,happy
8962,sadness
8758,sadness
9111,happy
8442,happy
13888,happy
9171,happy
14996,happy
16596,happy
12061,sadness
25279,happy
24885,sadness
9903,happy
16542,sadness
17432,sadness
21297,happy
27585,sadness
20836,sadness
28427,sadness
15554,happy
25420,happy
13749,happy
4909,happy
13381,happy
9374,sadness
13509,sadness
13049,happy
9284,happy
7058,happy
16762,happy
12521,sadness
9986,happy
24140,sadness
8649,happy
28697,happy
21208,sadness
7071,happy
25705,happy
26491,sadness
2748,sadness
19478,sadness
23075,sadness
15927,happy
17694,happy
16460,happy
14572,sadness
24628,happy
21540,sadness
19518,happy
12286,sadness
26832,happy
3390,sadness
20002,sadness
12447,happy
25672,happy
25753,sadness
21748,happy
16665,sadness
25936,happy
13848,sadness
19933,happy
22589,happy
24588,happy
17711,sadness
12077,sadness
17482,happy
8238,sadness
20923,happy
10685,happy
17604,sadness
5494,happy
23121,sadness
14065,happy
20431,happy
22925,sadness
28040,sadness
26550,happy
6563,happy
14350,happy
10688,sadness
3770,happy
4164,happy
23671,happy
291,sadness
23934,sadness
14840,sadness
11700,happy
15382,happy
21677,happy
9350,happy
23442,sadness
13063,happy
27246,happy
10574,happy
17237,happy
23670,sadness
21602,sadness
16994,happy
19393,sadness
26731,happy
9326,sadness
8652,happy
1144,happy
22112,sadness
18952,happy
28597,sadness
14718,happy
866,happy
22544,sadness
14656,happy
19069,happy
11162,sadness
14693,sadness
1494,sadness
6659,sadness
18951,happy
15159,sadness
11790,happy
21456,happy
20428,happy
12837,happy
16438,happy
14734,happy
13761,sadness
1580,sadness
3141,happy
16951,happy
20307,happy
187,happy
17128,sadness
4112,happy
10752,sadness
22454,sadness
3611,happy
22608,happy
22021,sadness
3126,happy
24045,happy
16549,happy
22301,sadness
17229,happy
21961,happy
26676,happy
11766,sadness
309,sadness
22541,happy
19383,happy
19728,sadness
9033,happy
20235,happy
7252,happy
19700,sadness
23621,happy
20529,happy
21339,sadness
8864,happy
24999,sadness
17130,happy
16154,happy
14581,sadness
6628,happy
25142,sadness
19716,happy
20481,happy
1356,sadness
628,happy
20380,happy
8896,happy
10070,happy
24728,happy
22115,sadness
9112,sadness
7615,sadness
26621,happy
9279,sadness
9214,sadness
18698,happy
19760,sadness
8316,happy
18051,sadness
822,happy
1713,sadness
27645,happy
27389,sadness
26940,sadness
24670,happy
14340,happy
16136,sadness
17525,sadness
4528,sadness
25135,sadness
16357,sadness
26632,happy
24550,happy
8847,happy
27716,sadness
23010,happy
8437,sadness
23298,happy
20523,happy
20631,sadness
213,happy
7095,sadness
25505,happy
14600,sadness
16729,happy
14222,sadness
23827,happy
10765,sadness
8461,happy
14155,sadness
8709,sadness
25567,happy
11874,sadness
1138,sadness
20039,sadness
25252,sadness
23901,happy
10164,sadness
16108,happy
15058,happy
9766,sadness
26532,sadness
13571,happy
27349,happy
18225,sadness
21617,happy
447,happy
306,sadness
25588,happy
25356,happy
18929,sadness
16495,sadness
13883,sadness
14743,happy
478,sadness
13655,happy
19172,sadness
22219,sadness
12295,sadness
4000,happy
16126,sadness
10724,happy
18681,sadness
19940,happy
6856,sadness
8658,sadness
27271,sadness
28474,happy
25398,sadness
26105,happy
19461,happy
15758,sadness
16315,happy
24951,happy
14488,sadness
7666,happy
19894,sadness
28415,happy
22093,happy
19510,happy
8853,sadness
21412,happy
14449,sadness
27083,happy
6673,happy
10478,happy
24652,happy
14388,sadness
17612,happy
25337,happy
28253,sadness
17692,sadness
13558,sadness
17620,sadness
11504,happy
54,happy
13423,happy
104,sadness
9800,happy
10081,happy
10691,happy
15169,sadness
19037,sadness
17623,sadness
899,happy
3741,happy
14972,happy
16949,sadness
22487,happy
28615,sadness
13618,sadness
18457,happy
11722,happy
9160,sadness
19315,happy
25285,sadness
11697,happy
12830,happy
13490,happy
24918,happy
19191,happy
15648,happy
8828,happy
22591,sadness
11081,sadness
28043,happy
11761,sadness
20661,happy
22836,sadness
24102,sadness
15616,happy
12581,sadness
24100,sadness
2313,happy
15447,happy
25127,happy
27580,happy
2676,happy
1331,happy
15558,happy
24530,happy
10480,happy
13765,happy
26578,happy
25963,happy
19842,happy
7923,sadness
13774,sadness
8524,sadness
21566,happy
15940,happy
17807,sadness
6904,sadness
8613,happy
27552,happy
21883,happy
28426,happy
22210,happy
25469,happy
19652,sadness
20012,sadness
26535,happy
12193,happy
11595,happy
24522,sadness
9078,sadness
8148,sadness
24582,sadness
25476,happy
1532,sadness
22044,happy
13704,sadness
4261,sadness
23335,sadness
13984,sadness
1923,happy
14522,sadness
24384,happy
20657,sadness
25932,happy
12791,sadness
8397,sadness
23439,happy
10141,sadness
6170,happy
16612,happy
17117,happy
10578,happy
17360,sadness
22067,sadness
11287,happy
20228,sadness
6485,happy
26668,sadness
4534,sadness
21521,happy
2777,happy
19718,happy
18783,sadness
24304,happy
23938,happy
14364,happy
19049,happy
25819,sadness
13040,sadness
296,happy
15154,happy
15624,happy
11238,happy
23132,sadness
27959,happy
25277,happy
27501,happy
9001,happy
2912,happy
23788,sadness
14405,happy
2944,happy
11048,happy
21612,happy
20583,happy
6922,sadness
23429,sadness
27073,sadness
12775,happy
18853,happy
13718,happy
25063,sadness
8276,happy
5534,sadness
26529,sadness
23438,sadness
20887,happy
27056,happy
21356,sadness
11702,sadness
16550,happy
16795,happy
11495,happy
20348,sadness
16042,sadness
27788,happy
21773,happy
28508,happy
24142,sadness
14940,sadness
24519,happy
17346,sadness
15866,happy
23978,sadness
13625,sadness
28367,sadness
20309,sadness
16808,happy
19451,happy
19610,happy
11398,happy
17447,happy
27256,happy
9268,happy
19246,sadness
16372,happy
26220,sadness
8205,happy
23269,happy
10471,happy
19265,sadness
4032,happy
9487,sadness
15983,happy
12599,sadness
21255,happy
26878,sadness
17521,happy
26943,happy
9407,happy
28696,sadness
17617,happy
20326,happy
25445,sadness
27116,sadness
19044,sadness
2538,happy
26258,happy
8339,sadness
18027,sadness
5380,sadness
15338,happy
14593,sadness
22099,sadness
25943,happy
28255,sadness
23510,happy
23699,sadness
25465,happy
11402,sadness
9169,happy
24251,happy
4237,sadness
390,sadness
13990,sadness
24947,sadness
15073,sadness
10179,happy
9166,sadness
27420,sadness
7039,sadness
9706,happy
9959,sadness
4230,sadness
166,sadness
4872,happy
6464,sadness
22040,sadness
21467,happy
16035,happy
11149,happy
20919,happy
9147,sadness
19934,happy
7310,sadness
26638,happy
19558,sadness
23105,happy
28220,happy
17380,happy
10888,happy
25380,happy
18342,sadness
25694,happy
25141,happy
2892,sadness
24305,happy
11658,happy
22003,sadness
20196,happy
7301,happy
12892,sadness
27322,happy
10094,happy
11026,sadness
11273,happy
18187,sadness
21702,happy
27873,happy
14086,sadness
13115,sadness
27399,sadness
18550,sadness
21134,sadness
21980,happy
8174,sadness
8639,happy
19377,happy
3394,sadness
24301,sadness
16703,happy
844,sadness
15660,happy
2751,happy
2457,happy
2607,happy
14888,happy
26579,happy
7664,sadness
24340,happy
17489,happy
25217,sadness
20645,happy
15165,sadness
17115,sadness
25650,sadness
13925,sadness
7945,happy
21627,happy
23905,happy
8543,sadness
7878,happy
12406,sadness
1609,happy
19764,happy
8317,happy
20910,happy
13645,happy
20908,sadness
15232,sadness
9599,happy
19467,happy
285,sadness
20607,happy
28638,happy
15071,happy
6762,happy
9372,happy
9267,sadness
14193,happy
24590,happy
14130,happy
23391,happy
18266,happy
15448,sadness
19659,sadness
25366,sadness
23581,happy
451,happy
18907,sadness
26238,happy
20418,sadness
27079,sadness
15097,sadness
21182,happy
19823,happy
20487,happy
11822,sadness
17144,happy
26865,sadness
9643,sadness
13479,happy
7264,sadness
23952,happy
27675,sadness
25225,sadness
3237,sadness
22522,happy
23238,happy
8855,happy
10703,sadness
22150,happy
17126,happy
9274,happy
8029,sadness
22730,happy
23496,happy
11746,happy
2828,happy
19320,sadness
19118,sadness
16465,happy
19363,happy
17625,sadness
5994,happy
18962,happy
15455,happy
11191,sadness
13459,happy
28241,happy
21048,happy
22302,happy
11159,happy
8095,sadness
8430,sadness
25510,happy
24580,happy
14523,sadness
13526,happy
23947,happy
20674,happy
11336,sadness
22111,sadness
15512,happy
12899,happy
15661,happy
27373,sadness
9051,sadness
1125,happy
640,sadness
18448,sadness
18206,happy
11854,sadness
6816,sadness
27148,happy
27082,happy
23999,sadness
10650,sadness
27371,happy
14782,happy
20333,happy
17375,happy
19818,happy
12153,happy
8475,happy
8261,happy
2675,happy
8943,happy
26472,sadness
15009,happy
11683,happy
430,happy
19968,sadness
10720,happy
15832,happy
9719,sadness
15076,sadness
18807,sadness
19372,happy
26841,sadness
20351,happy
10488,sadness
28276,happy
23542,happy
13885,sadness
17968,happy
27993,sadness
4864,happy
22614,sadness
17658,sadness
27347,sadness
23018,sadness
16859,sadness
15753,sadness
27294,happy
25827,happy
7475,happy
14569,sadness
20580,happy
19529,happy
12221,happy
18676,happy
19580,happy
27111,sadness
8122,happy
26460,happy
24354,happy
22963,happy
24204,sadness
15158,sadness
20258,happy
10436,sadness
4804,happy
5787,sadness
22693,sadness
22468,happy
24752,happy
15857,happy
8632,happy
21075,happy
12207,happy
17224,happy
23965,happy
17778,sadness
3804,happy
26113,sadness
21242,sadness
23852,sadness
27104,sadness
4292,happy
12209,happy
15211,happy
20087,happy
10351,happy
15908,sadness
14465,happy
14995,happy
24881,happy
19163,happy
1188,sadness
19218,sadness
13659,happy
7961,sadness
25448,happy
10793,happy
17419,sadness
13563,happy
195,happy
26150,sadness
27167,happy
12323,happy
19271,happy
25408,happy
1173,happy
13129,happy
25748,sadness
21034,happy
26746,sadness
27854,sadness
17093,happy
9833,happy
7163,sadness
26563,happy
27797,happy
14283,happy
23895,happy
15035,happy
7105,sadness
8434,sadness
18143,sadness
12478,happy
27856,sadness
16551,happy
20365,sadness
12729,sadness
24085,happy
10587,sadness
13639,sadness
22796,happy
14031,sadness
4418,sadness
14561,happy
1153,sadness
19182,sadness
18040,sadness
25006,happy
16010,sadness
25212,happy
7479,happy
23889,happy
13802,sadness
22596,happy
15484,sadness
24927,sadness
14192,happy
3724,happy
12912,sadness
24529,sadness
16943,happy
21124,happy
770,sadness
16491,happy
27714,sadness
8383,happy
20399,sadness
27236,happy
11974,happy
19792,sadness
27403,sadness
22119,happy
4647,happy
16164,sadness
15653,happy
26810,happy
21290,sadness
20466,sadness
16246,sadness
15429,happy
3882,sadness
20596,happy
2569,sadness
19914,sadness
14025,sadness
17331,happy
12040,happy
24233,sadness
24135,happy
9647,sadness
9238,happy
19025,happy
12030,sadness
27786,sadness
14633,happy
9653,happy
23449,sadness
28502,happy
23908,happy
24859,sadness
27043,sadness
18289,happy
637,happy
19600,happy
27452,sadness
15883,happy
16311,happy
11500,happy
25325,sadness
10697,happy
17580,sadness
8974,happy
6521,happy
12449,happy
17948,happy
19457,sadness
13538,sadness
16863,happy
5101,sadness
8287,happy
27665,happy
13219,happy
24308,happy
24068,sadness
24783,sadness
9015,happy
9155,happy
23241,sadness
16275,happy
27263,sadness
9639,happy
15803,sadness
9123,sadness
8101,happy
4795,sadness
9278,sadness
4771,happy
20828,sadness
28477,happy
19407,sadness
2077,sadness
19443,happy
8390,happy
16013,sadness
17871,sadness
21395,sadness
14200,sadness
24390,happy
15406,sadness
14839,happy
18188,sadness
12600,sadness
18683,happy
22823,happy
19927,sadness
10311,sadness
25414,sadness
27487,happy
27212,sadness
17142,happy
16411,happy
24746,happy
21772,sadness
10276,sadness
8504,sadness
16505,happy
12041,happy
27258,sadness
18483,sadness
10059,sadness
10193,sadness
23786,happy
14546,sadness
16706,happy
26479,happy
24953,happy
24440,sadness
13494,happy
21552,happy
371,happy
20128,sadness
16896,happy
24454,happy
18505,happy
8,happy
14662,happy
22194,sadness
11085,happy
7959,happy
21815,happy
14948,sadness
2175,happy
26753,happy
19706,sadness
20861,happy
17010,happy
14962,sadness
26352,happy
9516,happy
8082,sadness
14582,happy
7827,happy
24310,happy
19657,sadness
11533,happy
24957,happy
315,sadness
18728,sadness
20981,happy
6,happy
15294,sadness
17770,sadness
27303,happy
5108,sadness
25377,sadness
25759,happy
9138,sadness
18367,sadness
15240,sadness
27507,sadness
24563,happy
1604,sadness
3206,happy
10675,happy
4484,happy
5166,sadness
24043,sadness
15475,happy
13716,happy
22014,happy
17666,sadness
27433,sadness
16242,happy
12690,happy
28069,happy
14271,sadness
21590,happy
18286,happy
8473,happy
20371,sadness
24750,happy
20379,happy
28262,happy
8121,sadness
13183,happy
23856,sadness
14251,happy
7173,happy
1633,sadness
26477,happy
1208,happy
6644,sadness
14191,happy
21746,sadness
18102,happy
10621,happy
11409,happy
22104,happy
20390,sadness
10525,sadness
18987,sadness
14566,happy
15018,happy
12172,happy
20945,happy
28608,happy
28021,happy
14880,happy
14654,happy
8222,happy
18692,sadness
21052,happy
3075,sadness
2983,happy
15858,sadness
26604,happy
9618,sadness
23452,happy
25286,sadness
2587,happy
25342,happy
15411,sadness
8298,happy
9921,sadness
20286,happy
11554,sadness
2840,sadness
27528,sadness
9454,happy
21080,happy
15782,sadness
4143,happy
7460,sadness
25049,happy
14055,sadness
4238,happy
15621,sadness
9935,sadness
4210,happy
41,sadness
18975,happy
1851,happy
16366,happy
28108,sadness
21305,happy
9445,happy
26203,happy
8806,sadness
15185,sadness
24933,sadness
8235,happy
15249,happy
16839,sadness
8831,happy
14963,sadness
22511,sadness
28174,happy
18452,sadness
14568,happy
20519,sadness
6374,sadness
15744,sadness
16663,sadness
4379,happy
10807,happy
27180,happy
20838,sadness
28273,sadness
21180,happy
23909,sadness
17615,sadness
26644,sadness
24526,happy
10293,sadness
20704,sadness
12857,sadness
3823,sadness
25073,happy
18541,happy
26633,happy
26766,happy
24346,happy
8793,happy
19033,happy
8403,happy
9912,happy
7561,sadness
9635,sadness
26953,sadness
13505,happy
7157,sadness
11583,happy
20946,sadness
5016,happy
18961,sadness
10468,sadness
19880,sadness
10449,happy
4267,sadness
20013,happy
18410,sadness
17882,happy
26079,happy
15613,sadness
7518,happy
13226,happy
4389,happy
18540,sadness
16184,happy
6222,happy
14084,sadness
18245,happy
17648,happy
58,happy
10641,sadness
12982,happy
6984,happy
18110,sadness
23552,happy
17215,sadness
18124,happy
2101,happy
7723,happy
25982,sadness
14892,sadness
27446,happy
1772,sadness
15095,sadness
9605,happy
15789,sadness
22524,sadness
24066,sadness
696,happy
15577,sadness
26006,happy
16592,happy
17657,happy
1263,sadness
27862,happy
25837,happy
26934,happy
26624,sadness
11650,sadness
12121,happy
3972,sadness
196,happy
13076,sadness
5217,sadness
23175,happy
26660,happy
8447,sadness
26231,happy
26276,happy
16573,sadness
1686,happy
23657,sadness
27948,happy
21788,happy
19192,sadness
2261,sadness
19447,happy
2508,happy
11183,sadness
26872,happy
27784,sadness
5600,happy
13074,sadness
20378,sadness
20766,happy
17962,happy
14226,happy
18018,sadness
1526,happy
26963,happy
13901,happy
24109,sadness
13877,sadness
24334,happy
28657,sadness
19505,happy
20807,sadness
24336,happy
11666,happy
9222,sadness
14160,happy
20429,sadness
2879,happy
28581,sadness
20971,happy
24910,sadness
22738,sadness
5228,sadness
7084,sadness
7268,happy
8723,sadness
3059,happy
23541,sadness
23850,sadness
9709,happy
15831,sadness
17275,sadness
25477,sadness
25076,sadness
19885,sadness
15415,happy
7986,sadness
13560,sadness
20080,sadness
15590,sadness
13867,sadness
11996,sadness
15541,sadness
8510,happy
9151,sadness
10344,sadness
13053,happy
17914,sadness
28375,happy
25726,sadness
8996,happy
9739,happy
25056,happy
26856,sadness
21757,happy
26673,sadness
6137,happy
14884,sadness
20173,happy
21535,happy
12668,happy
17389,sadness
14933,sadness
15748,happy
6212,sadness
22220,sadness
21340,happy
18723,sadness
14441,sadness
16293,happy
19370,happy
13089,sadness
12269,sadness
11031,happy
18752,happy
5480,sadness
20958,sadness
21957,happy
10995,happy
8376,happy
22716,sadness
12327,happy
19597,happy
21657,happy
27036,sadness
18655,sadness
17867,happy
1353,sadness
10540,happy
2989,happy
16975,sadness
21237,happy
26642,happy
26497,happy
16081,sadness
3893,happy
14277,sadness
23960,sadness
2555,sadness
25487,happy
23168,sadness
28200,sadness
2565,sadness
17029,happy
22934,sadness
21482,happy
17690,happy
14349,happy
13574,happy
28073,happy
14321,sadness
3491,sadness
23868,sadness
12964,sadness
26991,happy
86,happy
14932,happy
1846,happy
11079,sadness
3078,sadness
22384,sadness
19864,sadness
21209,happy
13448,happy
8476,sadness
10272,sadness
28424,sadness
26743,happy
14510,sadness
8164,sadness
20208,sadness
18086,sadness
13228,sadness
13388,sadness
20731,sadness
18016,sadness
24303,happy
26328,happy
24029,happy
15815,sadness
2256,sadness
8138,sadness
14161,sadness
10730,sadness
6748,happy
22412,sadness
12024,sadness
20221,happy
24027,happy
23619,happy
23958,sadness
7473,sadness
17232,happy
17109,happy
15711,happy
27561,happy
16008,happy
19812,sadness
22490,sadness
14169,happy
18930,sadness
24241,sadness
23599,happy
27634,sadness
15092,happy
25656,sadness
27171,happy
27226,sadness
4705,happy
3337,sadness
14319,happy
25429,happy
10398,sadness
21831,sadness
11885,sadness
22445,sadness
22463,sadness
9687,sadness
23271,sadness
21439,sadness
15432,happy
9125,happy
27601,sadness
17970,happy
13012,happy
16496,sadness
25565,happy
24845,happy
23139,happy
10477,sadness
5776,happy
22903,sadness
5262,sadness
13516,happy
16072,happy
26064,sadness
4614,happy
22808,happy
25385,happy
17753,happy
3342,sadness
15522,happy
3567,sadness
26110,happy
20762,sadness
11355,happy
19312,sadness
13998,sadness
24973,happy
13175,happy
21147,sadness
22936,happy
11473,happy
17908,sadness
808,happy
22353,sadness
9298,happy
17924,happy
22444,sadness
20503,sadness
24663,happy
831,happy
8857,happy
13697,sadness
3437,sadness
26060,sadness
23135,happy
7783,happy
13911,happy
24805,sadness
8604,happy
21364,happy
4129,happy
19125,happy
26616,sadness
16022,sadness
20114,sadness
26346,sadness
21059,happy
19414,sadness
16063,happy
18300,sadness
5083,happy
13741,happy
12141,sadness
22395,happy
10877,happy
27647,sadness
17480,happy
18493,happy
27603,happy
1067,happy
9073,sadness
17030,sadness
7993,happy
27506,happy
17089,happy
14765,happy
21236,happy
14006,sadness
21312,sadness
26849,sadness
27851,sadness
25987,happy
23070,sadness
15402,happy
23836,sadness
21819,sadness
417,happy
22792,sadness
24057,sadness
14843,sadness
11596,happy
3773,sadness
27089,sadness
9855,sadness
19036,sadness
12512,sadness
10722,sadness
17455,happy
11340,happy
1812,happy
13387,happy
28684,sadness
27783,sadness
8335,sadness
19943,happy
8265,happy
10386,sadness
19748,sadness
28105,happy
24592,happy
26567,sadness
23855,happy
12571,happy
14682,sadness
17078,happy
27035,happy
10297,happy
10681,happy
24394,happy
14360,sadness
6858,happy
7762,sadness
24263,happy
22687,happy
21228,sadness
8033,happy
12444,happy
19205,happy
5185,sadness
13138,happy
19382,happy
24724,sadness
18323,sadness
3326,sadness
3357,happy
10145,happy
13564,sadness
27522,happy
26982,sadness
9385,happy
28191,happy
11357,sadness
24052,sadness
10106,happy
12464,sadness
12717,sadness
15409,happy
10453,happy
14896,sadness
7555,happy
6657,sadness
3692,happy
10769,sadness
22996,happy
7706,sadness
26098,happy
3365,happy
26609,happy
18547,sadness
25164,sadness
1991,happy
15054,sadness
4851,sadness
10368,happy
19,sadness
16131,happy
20551,happy
25456,sadness
26080,happy
10892,sadness
26140,happy
23424,happy
24658,sadness
13143,sadness
21539,happy
16974,happy
17242,sadness
18453,happy
16488,happy
1463,happy
21379,sadness
3352,happy
27392,happy
22744,happy
22406,happy
26608,sadness
27160,sadness
28194,happy
17184,happy
11515,happy
7671,happy
19109,happy
16658,sadness
22052,sadness
27260,happy
23020,sadness
11131,happy
13726,happy
13317,sadness
19856,happy
27905,happy
9286,happy
9810,sadness
13578,happy
18361,sadness
12545,sadness
22838,happy
10757,happy
27345,happy
27032,sadness
10639,happy
3420,happy
444,sadness
11866,happy
7742,happy
27913,sadness
214,sadness
14425,sadness
2496,happy
20107,happy
12378,sadness
12943,sadness
19160,happy
20430,sadness
19210,sadness
5995,sadness
17094,happy
19919,happy
9165,happy
3039,sadness
11562,happy
20965,happy
5755,sadness
5676,happy
11280,happy
23163,happy
10828,sadness
6542,sadness
8529,happy
23736,sadness
28622,happy
5257,sadness
13370,happy
22757,happy
12839,sadness
14997,sadness
9459,happy
12344,happy
28413,happy
18428,sadness
20334,sadness
17221,happy
18066,happy
25091,happy
4611,happy
18494,happy
25985,happy
2590,happy
28369,sadness
12593,sadness
17554,happy
5504,happy
21649,happy
13396,happy
6149,sadness
18400,happy
13383,happy
28589,happy
27578,happy
1010,sadness
21158,happy
4425,sadness
28159,happy
28363,happy
27727,sadness
25413,happy
13469,happy
11597,sadness
19219,happy
24038,happy
24718,sadness
16066,happy
12001,happy
9750,happy
12122,happy
22911,happy
11033,happy
18173,sadness
24353,sadness
13343,happy
16636,happy
18831,happy
141,happy
19869,happy
25211,happy
28583,happy
12904,sadness
11074,happy
20111,happy
364,happy
22844,happy
16444,happy
15704,sadness
19997,sadness
9812,sadness
15913,sadness
4761,happy
22922,sadness
12847,sadness
22568,sadness
16567,happy
561,sadness
14764,sadness
15878,happy
19535,sadness
7616,sadness
14517,sadness
16635,happy
27045,happy
17333,sadness
22276,happy
16752,happy
27426,sadness
2248,sadness
23453,sadness
28133,happy
16458,happy
4941,happy
8097,sadness
27836,sadness
27608,happy
20527,happy
12152,happy
16139,happy
5642,happy
23211,sadness
19400,sadness
27203,sadness
10784,happy
19731,happy
27718,sadness
9689,sadness
24510,happy
19215,sadness
15515,sadness
15205,sadness
2007,sadness
25920,sadness
7901,sadness
16160,sadness
25059,happy
18477,happy
13725,sadness
22110,happy
18351,happy
14336,sadness
12604,sadness
19710,happy
12337,happy
4729,sadness
23971,sadness
23054,happy
2780,sadness
9531,sadness
12708,happy
2916,sadness
8691,sadness
28355,happy
22450,happy
28099,sadness
24294,happy
532,happy
16697,happy
16760,happy
18518,sadness
20921,sadness
21077,sadness
28466,happy
17966,happy
27693,happy
13663,happy
6073,happy
18826,sadness
231,happy
11778,sadness
28362,sadness
20865,happy
13841,happy
5789,happy
28376,happy
28143,happy
22689,happy
18101,sadness
27184,sadness
8885,sadness
22565,sadness
23101,sadness
5666,happy
26675,sadness
27155,happy
10635,happy
14281,happy
27865,sadness
14737,sadness
17361,happy
12351,sadness
15812,sadness
9154,happy
24861,sadness
19144,sadness
7813,sadness
12887,happy
27333,happy
4045,happy
1531,sadness
6147,happy
8740,sadness
18933,happy
24139,sadness
27432,sadness
25494,happy
5150,happy
21937,happy
422,happy
25444,happy
25830,happy
6481,sadness
14771,happy
1563,sadness
21610,happy
12617,happy
9547,sadness
7602,sadness
15523,happy
24983,happy
24450,happy
15737,happy
12636,sadness
5071,happy
18756,happy
11857,happy
1461,happy
17597,happy
7547,happy
14556,sadness
20393,happy
23728,sadness
28512,happy
25310,sadness
13065,sadness
23667,sadness
16106,sadness
21810,happy
15966,sadness
12085,sadness
21460,sadness
27694,happy
18345,happy
154,happy
16597,happy
27628,sadness
27030,sadness
7037,sadness
386,happy
19875,happy
531,happy
15853,sadness
27468,sadness
26424,happy
17763,sadness
9174,happy
8086,sadness
103,happy
23435,happy
10891,happy
24009,happy
26581,happy
4373,sadness
15189,happy
14871,happy
2499,happy
7692,sadness
13333,sadness
19197,happy
17032,sadness
26375,sadness
16,happy
24602,happy
25981,happy
14227,sadness
17240,happy
15560,sadness
28274,sadness
27480,happy
15419,happy
17728,happy
18324,happy
1648,sadness
24906,happy
20501,happy
8662,sadness
11439,sadness
14397,happy
11733,happy
27161,happy
25501,happy
17827,happy
13477,sadness
11549,sadness
21313,sadness
13631,happy
13562,sadness
9636,happy
3548,sadness
9967,happy
16935,happy
15346,happy
27779,sadness
23471,sadness
15784,happy
2838,happy
11614,sadness
4233,happy
25454,happy
16306,sadness
27215,sadness
23630,happy
7676,sadness
22761,happy
18842,sadness
16504,sadness
21336,happy
15551,sadness
27607,happy
20655,happy
8098,sadness
10171,sadness
24249,happy
18710,sadness
27547,sadness
223,happy
7407,sadness
10066,sadness
10903,happy
13600,happy
8659,happy
24636,happy
16239,sadness
11068,sadness
23042,happy
24275,sadness
17757,happy
8914,sadness
18498,sadness
26831,happy
4684,happy
7373,happy
21385,sadness
9790,sadness
28437,sadness
27539,sadness
20248,happy
24417,happy
23136,happy
22056,happy
23969,happy
27755,sadness
26147,sadness
4914,sadness
9713,happy
13404,sadness
9899,happy
21671,sadness
28085,happy
17281,happy
28500,sadness
7978,happy
23290,sadness
28656,happy
24162,sadness
24073,sadness
26287,sadness
12114,happy
25869,happy
25714,sadness
26093,sadness
27241,happy
20395,happy
26909,happy
23726,sadness
8303,happy
26806,sadness
5710,happy
9497,sadness
7546,sadness
5057,sadness
14553,happy
20490,sadness
17462,happy
10280,happy
22790,happy
7567,happy
14054,sadness
27198,happy
14157,happy
23936,happy
16631,happy
24536,sadness
14399,sadness
24487,sadness
17381,sadness
14097,happy
20397,happy
8470,happy
22510,happy
24889,sadness
20792,sadness
21647,happy
19588,happy
16279,happy
17523,sadness
26836,happy
15428,sadness
10050,happy
26672,sadness
24917,sadness
11785,happy
12728,sadness
11582,happy
19421,sadness
9347,happy
15776,happy
26398,sadness
15298,happy
21274,sadness
5224,sadness
16334,happy
4662,happy
5229,happy
21267,sadness
13272,happy
26646,sadness
12462,happy
13229,sadness
20914,happy
11313,happy
19981,happy
7710,happy
21709,happy
12926,happy
22290,sadness
16905,happy
11507,happy
13584,happy
27757,happy
618,sadness
4555,sadness
6087,happy
11990,sadness
25933,happy
27368,sadness
8191,happy
21419,happy
20460,happy
16150,sadness
16840,sadness
8941,happy
21348,sadness
10224,happy
15026,happy
16356,happy
19164,sadness
10424,sadness
13947,sadness
16900,happy
11356,happy
16938,happy
25769,happy
23763,sadness
19250,happy
8693,happy
24570,happy
8455,happy
14262,sadness
21783,sadness
19573,sadness
26815,happy
16086,sadness
9603,sadness
24583,happy
11509,sadness
18852,sadness
13515,happy
11502,sadness
7907,sadness
26521,happy
10555,happy
10331,sadness
26977,happy
20613,sadness
20046,sadness
15212,happy
11793,happy
8953,sadness
26890,happy
385,sadness
18514,sadness
12730,sadness
24199,happy
26506,happy
23426,sadness
16157,happy
23862,sadness
28665,happy
27878,happy
10353,happy
13316,sadness
16245,happy
9775,sadness
17194,sadness
17789,sadness
22574,sadness
21963,sadness
22189,sadness
23342,sadness
21053,happy
12437,happy
19565,happy
26260,happy
9455,sadness
12562,sadness
14040,happy
8355,happy
24665,sadness
21201,happy
16832,happy
14879,happy
13972,happy
19524,happy
19945,sadness
9705,sadness
11040,sadness
26503,happy
24540,sadness
27681,sadness
16200,happy
10405,sadness
19542,happy
19771,sadness
6007,happy
24560,happy
343,happy
12625,sadness
16272,happy
25553,happy
24572,happy
10289,sadness
23681,happy
18677,happy
562,happy
5398,sadness
26670,happy
19139,happy
19783,sadness
1420,sadness
18950,happy
22819,sadness
13793,sadness
17112,sadness
17430,happy
26976,happy
20599,sadness
24559,happy
7511,happy
9486,happy
15299,happy
18061,happy
3031,happy
20304,happy
8722,sadness
13929,happy
21302,happy
22764,happy
13137,happy
19768,happy
11210,happy
11209,sadness
7948,happy
24129,happy
18895,happy
334,happy
12267,sadness
7659,happy
17804,happy
14502,sadness
26297,sadness
8417,sadness
19068,sadness
19353,sadness
10035,sadness
24236,happy
3450,happy
25281,sadness
20330,happy
21149,happy
7877,sadness
14318,sadness
10515,happy
13178,happy
19063,happy
17982,happy
21039,sadness
6798,sadness
27343,happy
4447,sadness
8477,happy
17671,sadness
14433,happy
22817,happy
5629,sadness
6307,sadness
3028,sadness
22592,sadness
28008,sadness
27869,sadness
12217,happy
10000,sadness
15658,sadness
28169,happy
13234,sadness
11399,happy
28157,sadness
15787,happy
27625,happy
10997,sadness
13461,sadness
18662,sadness
2485,sadness
28074,happy
18488,sadness
16562,happy
24007,sadness
13764,happy
27259,happy
17803,happy
2552,happy
24492,happy
25236,happy
21935,happy
10590,happy
82,happy
19137,happy
20000,happy
17268,happy
23341,sadness
9413,sadness
18047,sadness
17996,happy
11242,happy
17655,happy
23476,happy
24784,sadness
14759,sadness
5115,happy
22989,happy
11284,happy
2372,sadness
20468,sadness
14198,happy
11144,sadness
20552,happy
2582,happy
23687,sadness
16135,sadness
26873,happy
23063,sadness
8836,happy
7647,happy
8044,sadness
27118,sadness
616,happy
18701,happy
15476,happy
7119,happy
18623,sadness
27661,sadness
11966,sadness
21133,happy
19082,happy
7713,sadness
8260,happy
9837,happy
9391,sadness
9244,happy
28192,sadness
18296,sadness
24874,sadness
16383,sadness
6025,happy
24945,sadness
24379,sadness
16834,happy
5291,happy
18729,happy
21145,sadness
21235,sadness
6068,happy
10680,happy
12000,sadness
5033,sadness
19857,happy
21778,sadness
22521,happy
28612,sadness
20504,happy
25002,sadness
23400,happy
5370,sadness
10098,sadness
7928,happy
27903,happy
13056,sadness
19976,happy
14508,happy
8548,sadness
25907,happy
17888,sadness
2942,happy
8717,happy
23180,happy
8731,sadness
20253,sadness
15403,happy
4359,sadness
5424,happy
26254,happy
7576,happy
9631,sadness
20455,sadness
8777,sadness
18282,sadness
25145,sadness
18927,happy
15799,sadness
23937,sadness
4572,sadness
12120,happy
4857,happy
16691,happy
25794,sadness
26538,happy
9816,happy
10284,sadness
14183,sadness
8955,happy
26794,happy
19722,sadness
21027,sadness
27611,sadness
15151,happy
20678,happy
23549,happy
21542,sadness
19127,sadness
21648,sadness
18685,happy
20709,sadness
11801,sadness
23303,happy
26925,happy
7804,happy
11481,sadness
17187,happy
17830,sadness
15543,sadness
25154,sadness
11415,happy
2278,happy
530,sadness
19494,happy
20361,happy
15275,happy
13032,happy
28321,sadness
22235,happy
25564,sadness
540,sadness
28295,happy
7825,sadness
6369,happy
8018,sadness
12648,sadness
23353,happy
27543,sadness
9720,happy
23411,happy
23520,sadness
25821,happy
27670,sadness
11907,happy
17414,happy
25218,sadness
8153,sadness
27052,sadness
28017,happy
28488,sadness
22805,sadness
20074,sadness
11685,happy
17884,happy
26871,happy
15320,happy
11691,sadness
28562,happy
11352,sadness
6704,sadness
17602,happy
10631,happy
15161,happy
15707,sadness
12611,sadness
7621,sadness
22740,happy
27407,sadness
3082,sadness
12797,happy
28041,sadness
9122,sadness
15239,happy
317,sadness
18771,sadness
19596,happy
17608,sadness
1984,sadness
16487,happy
12849,sadness
12170,happy
25111,happy
18836,sadness
13943,happy
27640,happy
17984,happy
11077,happy
13727,sadness
20894,sadness
13917,happy
8036,sadness
10683,happy
16278,happy
26265,happy
25768,sadness
4738,happy
28348,sadness
11884,sadness
19509,sadness
10992,happy
9892,sadness
16455,sadness
8814,happy
25733,sadness
14822,happy
22732,happy
8336,happy
16408,happy
18733,sadness
14223,sadness
16838,sadness
25736,happy
13153,happy
28377,sadness
22804,sadness
8116,sadness
9549,happy
6574,happy
2166,sadness
19879,sadness
2785,happy
2312,happy
27587,happy
6994,sadness
18564,sadness
16125,happy
24399,sadness
28299,sadness
28691,happy
16861,sadness
19613,sadness
9256,happy
22344,happy
16619,happy
24871,sadness
13283,happy
10483,sadness
15687,happy
13106,sadness
11365,sadness
8966,happy
12111,happy
16629,sadness
24322,sadness
23412,happy
